lenS,questionmark,depend_word,nod_word,UI3average,UI3average_diff,num_noun_before,u_utte_len_before
46.22222222222222,0.0,0.0,0.1111111111111111,4.806060606060607,0.20202020202020202,1.7878787878787878,39.169141414141414
14.443017656500803,0.0,0.0,0.5890850722311396,4.208346709470304,-0.38555377207062597,3.6853932584269664,59.79938202247191
22.413533834586467,0.0,1.0,0.5037593984962406,4.578947368421052,-0.6210526315789473,5.917293233082707,78.0163909774436
28.159841479524438,1.0,0.0,0.035667107001321,4.718626155878468,0.3315719947159841,1.2998678996036988,31.714174372523114
24.207482993197278,1.0,1.0,0.06802721088435375,5.1421768707483,0.22789115646258504,3.020408163265306,49.344506802721085
