lenS,UI3average,UI3average_diff,num_noun_after,num_noun_before,u_utte_len_after,u_utte_len_before
22.413533834586467,4.578947368421052,-0.6210526315789473,1.0977443609022557,5.917293233082707,35.25300751879699,78.0163909774436
23.833333333333332,5.155367231638418,0.18926553672316387,5.612994350282486,3.457627118644068,78.98186440677966,55.370776836158186
28.159841479524438,4.718626155878468,0.33157199471598414,3.3989431968295905,1.2998678996036988,56.079214002642004,31.714174372523118
14.837539432176657,4.222397476340694,-0.38328075709779186,0.6009463722397477,3.6987381703470033,24.73608044164038,59.88395899053629
47.35227272727273,4.779545454545455,0.2590909090909091,3.0,1.4545454545454546,54.04409090909091,35.98102272727272
