lenS,UI3average,UI3average_diff,num_noun_after,num_noun_before,u_utte_len_after,u_utte_len_before
14.0,3.4,0.6000000000000001,0.0,1.0,20.265,49.115
27.736024844720497,4.64472049689441,0.21801242236024843,3.453416149068323,1.4922360248447204,58.29868788819875,34.66445652173913
25.59727626459144,5.108560311284047,0.37276264591439695,4.871595330739299,2.2976653696498053,69.0942607003891,41.10315175097277
62.6,4.528888888888888,-0.01777777777777775,1.4666666666666666,0.7555555555555555,38.278777777777776,28.78166666666667
14.933333333333334,4.087450980392156,-0.36901960784313725,0.3392156862745098,3.6372549019607843,21.421117647058825,59.57893137254902
18.348958333333332,4.591666666666667,-0.6687500000000001,0.25,5.729166666666667,24.574973958333334,77.30927083333334
